{"plottedPoints" : [
	[48.819207999999996,2.307581],
	[48.819207999999996,2.3885419999999997],
	[48.819207999999996,2.334568],
	[48.819207999999996,2.361555],
	[48.837356,2.334568],
	[48.837356,2.361555],
	[48.837356,2.307581],
	[48.837356,2.3885419999999997],
	[48.855503999999996,2.307581],
	[48.855503999999996,2.3885419999999997],
	[48.855503999999996,2.334568],
	[48.855503999999996,2.361555],
	[48.873652,2.334568],
	[48.873652,2.361555],
	[48.873652,2.307581],
	[48.873652,2.3885419999999997],
	[48.891799999999996,2.307581],
	[48.891799999999996,2.3885419999999997],
	[48.891799999999996,2.334568],
	[48.891799999999996,2.361555]
],
"centralMarker" :[48.853587999999995,2.349163]}