{"plottedPoints" : [
	[48.853643999999996,2.349204],
	[48.853587999999995,2.349163]
],
"centralMarker" :[48.853356,2.348808]}