{"plottedPoints" : [
	[45.706948,2.25766],
	[45.706876,2.257165],
	[45.707347999999996,2.257028],
	[45.707972,2.256808]
],
"centralMarker" :[45.707623999999996,2.25774]}