{"plottedPoints" : [
	[45.182928,5.717695],
	[45.184008,5.719011],
	[45.183112,5.719059],
	[45.183672,5.7179519999999995],
	[45.183648,5.717664999999999],
	[45.1829,5.718029],
	[45.182856,5.717683],
	[45.18394,5.717569999999999],
	[45.184036,5.7178059999999995],
	[45.182964,5.718267],
	[45.183028,5.71918],
	[45.18296,5.71801],
	[45.183096,5.7182059999999995],
	[45.182952,5.718179999999999],
	[45.18296,5.71823],
	[45.184256,5.719177]
],
"centralMarker" :[45.707623999999996,2.25774]}