{"plottedPoints" : [
	[48.706399999999995,2.213877],
	[48.706384,2.214657],
	[48.709863999999996,2.210247],
	[48.70672,2.210565],
	[48.705548,2.213615],
	[48.705828,2.2120189999999997],
	[48.705324,2.2142649999999997],
	[48.705496,2.214341],
	[48.70538,2.214325],
	[48.707664,2.2154149999999997],
	[48.706072,2.2124129999999997],
	[48.706151999999996,2.210721],
	[48.706236,2.211276],
	[48.705756,2.213876],
	[48.706272,2.2123079999999997],
	[48.705912,2.2108499999999998],
	[48.706179999999996,2.21081],
	[48.705188,2.214636],
	[48.705383999999995,2.214415],
	[48.705936,2.210911],
	[48.705192,2.209771],
	[48.705492,2.210264],
	[48.705479999999994,2.207168],
	[48.70724,2.2109039999999998],
	[48.70616,2.21217]
],
"centralMarker" :[48.709848,2.211766]}