{"plottedPoints" : [
	[42.957404,4.088394],
	[42.893888,4.209830999999999],
	[42.884812,4.223324],
	[42.96648,3.373265],
	[42.957404,3.359772],
	[43.002776,3.4812089999999998],
	[42.884812,3.2788139999999997],
	[42.875735999999996,3.2653209999999997],
	[42.821296,3.211349],
	[42.948328,3.5621669999999996],
	[42.739627999999996,3.2248419999999998],
	[42.730551999999996,3.211349],
	[42.830368,3.197856],
	[42.848516,3.197856],
	[42.839439999999996,3.184363],
	[43.039072,3.939971],
	[42.930184,4.020929],
	[42.948328,4.020929],
	[42.90296,3.2788139999999997],
	[42.893888,3.2653209999999997],
	[42.96648,3.346279],
	[42.957404,3.332786],
	[42.676111999999996,4.236816999999999],
	[42.676111999999996,4.263803],
	[43.093512,3.670111],
	[43.08444,3.656618],
	[43.08444,3.683604],
	[42.930184,3.319293],
	[42.703331999999996,3.2248419999999998],
	[42.712407999999996,3.211349],
	[42.775923999999996,4.277296],
	[42.72148,3.197856],
	[42.712407999999996,4.317775],
	[43.075368,3.7780549999999997],
	[42.90296,4.142366],
	[42.893888,4.128873],
	[42.893888,4.1558589999999995],
	[42.775923999999996,3.2518279999999997],
	[42.766847999999996,3.2383349999999997],
	[43.048144,3.872506],
	[43.048144,3.899492],
	[43.029996,3.602646],
	[42.875735999999996,4.128873],
	[43.066292,3.7915479999999997],
	[43.02092,3.5351809999999997],
	[43.011848,3.5216879999999997],
	[43.002776,3.5081949999999997],
	[42.594443999999996,4.277296],
	[42.96648,4.047915],
	[42.621663999999996,4.290789],
	[42.748704,4.317775],
	[42.657959999999996,4.263803],
	[42.912031999999996,3.2923069999999997],
	[42.54,3.2518279999999997],
	[42.567223999999996,3.2383349999999997],
	[42.694255999999996,3.2383349999999997],
	[42.712407999999996,3.2383349999999997],
	[42.621663999999996,3.211349],
	[42.612592,3.197856],
	[42.612592,3.2248419999999998],
	[42.975552,4.061408],
	[42.594443999999996,3.197856],
	[42.603519999999996,3.184363],
	[43.066292,3.8185339999999997],
	[43.057216,3.8320269999999996],
	[43.029996,3.8185339999999997],
	[43.039072,3.8320269999999996],
	[42.957404,3.386758],
	[42.803143999999996,4.290789],
	[43.057216,3.643125],
	[43.011848,3.5486739999999997],
	[43.066292,3.629632],
	[42.948328,4.101887],
	[42.957404,4.034422],
	[42.603519999999996,4.290789],
	[42.794072,3.2248419999999998],
	[42.803143999999996,3.211349],
	[43.048144,3.602646],
	[43.039072,3.589153],
	[43.075368,3.643125],
	[42.812219999999996,4.25031],
	[42.812219999999996,4.277296]
],
"centralMarker" :[42.712407999999996,3.71059]}