{
"plottedPoints":[
	[48.852665,2.359673],
	[48.856627,2.355043],
	[48.856785,2.353703],
	[48.856057,2.350709],
	[48.850368,2.353728],
	[48.849543,2.354505],
	[48.850132,2.358871],
	[0,0]
],
"centralMarker" :
	[48.852922,2.353528]
}
