{"plottedPoints" : [
	[46.237255999999995,3.1159839999999996],
	[46.240784,3.110816],
	[46.239452,3.112735],
	[46.240035999999996,3.111999],
	[46.239936,3.112123],
	[46.23964,3.1124989999999997],
	[46.241408,3.115042]
],
"centralMarker" :[46.268204,3.1148119999999997]}