{"plottedPoints" : [
	[48.709848,2.211766],
	[48.709872,2.212264]
],
"centralMarker" :[48.709848,2.211766]}